ZKMRRQH,
ZXPNMRW,
ZOHTGIO,
ZBAJHJT,
ZIXREZD,
ZVBJRDD,
ZBBBQCN,
ZHNHHZC,
ZUMCLJE,
ZUMKWDI,
,Z7555UR
ZYQGKOW,
ZGFOJZG,
ZVPTVOC,
ZMOLOIP,
ZETDZKQ,
ZISKGDY,
ZBOJOEM,
X971512,
X971100,
X971099,
X971098,
ZOPTNNI,
ZSNMDSV,
ZDPCGXY,
ZOPULRW,
ZRAZGWA,
X971110,
X971101,
X971097,
X971096,
ZZCLMSJ,
ZBVRYCG,
ZMBXVIG,
ZRXJHNF,
ZQIHEXQ,
ZMOABSH,
ZALPMBO,
ZSNCOTM,
ZFCASJV,
ZJGWYCL,
ZVQXZGM,
ZRRLJBG,
ZIVOCYY,
ZIFKZDH,
ZCGWHGA,
ZBKKMFL,
ZYKEMRI,
,Z1721YN
ZUTRRCA,
ZXGYQNL,
ZHOWQOA,
ZSGIUCF,
ZRSHXSK,
ZSKLQRL,
ZXZGBIU,
ZIELQNG,
ZYDLFCB,
ZSQBEHT,
ZJSHUXB,
ZRUWHSV,
ZOKSTMG,
X601337,
X959104,
D007034,
ZMEPVRV,
ZVUDAFO,
ZBMZIPY,
,Z4978NT
,Z1360CW
ZACXPAN,
ZKOSBCQ,
ZKTWXHW,
ZEXCIXL,
ZJZQKWM,
ZPPKMCK,
ZMWACJZ,
ZVVQKJL,
ZPNZKYH,
ZGUZXTH,
ZXRTLXW,
ZVHKCEN,
ZIDYAFF,
ZFBDJGE,
ZQNTENP,
ZLIQCOW,
ZBUWUJM,
ZLYTFBM,
ZYEEWCI,
ZJPKBHH,
ZDRTBCQ,
ZOIAYAX,
ZLNAYFX,
ZIKBGIW,
ZBJQKOJ,
ZAYFOHD,
ZCXKLJS,
ZBIWVNJ,
ZGOTGBH,
ZMYNPNQ,
ZOQMOYA,
ZSPCBXK,
ZQVJWRI,
ZIYKGIS,
ZPKXVGJ,
ZTIIZQK,
ZVMYBZH,
ZHDDOKM,
ZREOCVL,
ZQPMWSX,
ZWZBYKE,
ZISYOPT,
ZTZKLTS,
ZYJSNUQ,
ZFKQQZQ,
ZFKPFQF,
ZGQSWSW,
ZRALRXW,
ZNTXKDL,
ZSUJJFC,
ZWZSQND,
ZAXGBTJ,
ZLQREBV,
ZVIGZFO,
ZNRCGHE,
ZUYIWGN,
ZVLNMYR,
ZNLBTSB,
ZWKVAVP,
ZCOOBHK,
ZQOQYGC,
ZKWDMCO,
ZNVHSMI,
ZOEKRDJ,
ZSLXSBQ,
ZDOXOVW,
ZHURRYX,
ZULHALY,
ZKRFOAM,
ZXYRVZO,
ZEQZCFL,
ZCGVTDG,
ZOESZWP,
ZLUVZMK,
ZOZEIWP,
ZUKMUWC,
ZLOHJPI,
ZPXSEDD,
,Z0890TE
,Z8771XJ
ZPVKXEO,
,Z7799AH
ZPDPSRW,
ZAVAABA,
X624223,
X510288,Z1122ZZ
D009510,
X789955,
X696588,
X793983,A6230EA
X793993,
X793980,
X793949,A6219EA
X793927,
X793919,
X793884,
X793881,
X793870,A6192EA
X793869,A6191EA
X793868,A6190EA
X793867,A6189EA
X793866,A6188EA
X793865,A6187EA
X793862,A6184EA
X793857,A6180EA
X793856,A6179EA
X793854,A6177EA
X793817,
X793806,
X793811,A6161EA
X793682,A6141EA
X793683,
X793655,
X793597,
X793555,
X793548,A6102EA
X793540,
X793516,
X793512,
X793510,
X793509,
X793505,
X793504,
X793436,
X793424,A6057EA
X793430,
X793385,
X793377,A6042EA
X793379,
X793367,
X793366,
X793365,
X793358,
X793356,
X793330,
X793317,A6015EA
X793319,
X792887,A6008EA
X792836,
X792823,
X792403,
X792386,A5970EA
X792385,
X791783,
X791798,
X791790,A5943EA
X791731,
X791734,
X791699,
X791682,A5911EA
X791683,
X791462,
X791463,
X791288,
X791287,
X791244,A5887EA
X791232,A5885EA
X791154,
X791140,
X790924,A5864EA
X790895,
X790879,
X790856,
X790815,A5829EA
X790812,
X789940,
X789942,A5809EA
X789888,
X789873,
X789882,A5786EA
X789863,A5781EA
X789861,
X789844,A5774EA
X789847,
X789816,
X789195,
X789178,
X789185,A5738EA
X789100,
X789086,A5719EA
X789092,
X788782,A5704EA
X788752,
X788739,
X788675,
X788658,A5666EA
X788666,
X788624,
X788618,A5644EA
X788612,
X788554,
X788538,A5620EA
X788543,
X788464,
X788456,A5604EA
X788447,
X788446,
X788422,A5589EA
X788421,A5588EA
X788420,A5587EA
X788418,A5586EA
X788417,A5585EA
X788404,A5583EA
X788395,A5582EA
X788356,A5572EA
X788350,
X788337,
X788221,A5558EA
X788219,A5557EA
X788216,A5556EA
X788206,
X788204,
X788203,A5550EA
X788175,
X788169,A5538EA
X788162,
X788139,
X788137,
X787818,A5493EA
X787795,
X787788,A5481EA
X787785,
X787763,
X787755,A5464EA
X787738,A5455EA
X787734,
X787720,
X787675,
X787659,A5432EA
X787667,
X787618,
X787609,A5415EA
X787603,
X787581,
X787569,A5399EA
X787571,
X787540,
X787523,A5379EA
X787532,
X787500,
X787484,A5363EA
X787493,
X787460,
X787449,
X787447,A5345EA
X787415,
X787403,A5329EA
X787399,
X787355,
X787343,A5314EA
X787338,
X787284,
X787301,
X787293,A5297EA
X787250,
X787233,A5281EA
X787236,
X787172,
X787166,
X787102,A5203EA
X787093,
X787077,
X787002,
X786993,
X786934,
X786923,
X786907,
X786906,
X786905,
X786901,
X786900,
X786891,A5103EA
X786890,A5102EA
X786881,
X786871,
X786863,A5091EA
X786858,
X786815,
X786803,
X786801,A5070EA
X786772,A5065EA
X786773,
X786597,
X786579,A5044EA
X786583,
X786552,
X786354,A5032EA
X786042,
X785855,
X785849,A5004EA
X785839,
X785431,
X785374,
X785367,A4984EA
X785361,
X785216,
X784855,
X784856,
X784846,A4958EA
X784828,
X784826,
X784819,
X784817,
X784814,
X784764,
X784757,A4939EA
X784753,
X784687,
X784684,
X784673,
X784671,
X784660,
X784659,
X784658,
X784644,
X784643,
X784642,
X784641,
X784640,
X784639,
X784626,
X784604,
X784602,
X784535,
X784534,
X784517,
X784514,
X784484,
X784483,
X784481,
X784480,
X784478,
X784475,
X784474,
X784473,
X784472,
X784471,
X784470,
X784295,
X784282,A4889EA
X784278,
X784259,
X784255,
X784241,
X784224,
X784216,
X784171,
X784168,
X784155,
X784152,
X784142,
X784140,
X784137,
X784119,
X783965,A4835EA
X783958,
X783943,
X783903,
X783889,A4810EA
X783888,
X783883,
X783879,
X783863,
X783865,
X783856,
X783854,
X783832,
X783837,
X783158,
X783141,
X783145,A4775EA
X783111,
X783097,A4751EA
X783099,
X783062,
X782896,
X782883,A4727EA
X782881,
X782856,
X782845,A4713EA
X782849,
X782816,
X782800,A4694EA
X782799,
X782776,
X782763,A4675EA
X782759,
X782709,
X782700,A4649EA
X782694,
X782662,A4634EA
X782656,
X782647,
X782628,A4623EA
X782602,
X782594,
X782564,
X782556,
X782548,A4593EA
X782528,
X782522,A4578EA
X782512,
X782253,
X782252,
X782247,
X782244,
X782214,
X782202,A4542EA
X782207,
X782170,
X782166,
X782156,A4527EA
X782127,
X782110,A4505EA
X782114,
X782105,
X782101,A4494EA
X782095,A4492EA
X782061,A4481EA
X782074,
X782060,
X782049,
X782046,
X781989,
X781976,A4450EA
X781974,
X781970,A4445EA
X781964,
X781960,
X781957,
X781942,
X781933,
X781923,A4424EA
X781904,
X781903,
X781883,
X781860,
X781838,
X781836,
X781826,
X781825,
X781823,
X781821,
X781791,
X781786,A4385EA
X781788,
X781767,
X781750,
X781733,
X781731,
X781729,
X781728,
X781702,
X781693,
X781697,A4366EA
X781678,
X781676,
X781672,
X781670,
X781645,
X781640,A4348EA
X781638,
X781628,
X781627,A4342EA
X781626,
X781625,
X781613,
X781612,
X781610,
X781609,
X781605,
X781570,
X781563,
X781540,A4309EA
X781442,
X781413,A4308EA
X781401,A4307EA
X781319,A4304EA
X781273,
X781259,
X781252,
X781219,
X781222,
X781192,A4257EA
X781190,A4255EA
X781188,A4253EA
X781142,A4252EA
X780433,
X780427,
X780272,
X780258,
X780114,
X780103,
X780043,
X780017,
X780013,
X779817,
X779694,
X779680,
X779653,
X779585,
X779588,
X779272,
X779268,
X779212,
X779202,
X779133,
X779120,
X778902,
X778880,
X778860,
X778824,
X778562,
X778555,
X778526,
X778516,
X778473,
X778463,
X778434,
X778424,
X778253,
X778244,
X778148,
X778138,
X778094,
X778090,
X778054,
X778043,
X778024,
X778019,
X777992,
X777986,
X777950,
X777944,
X777895,
X777882,
X777692,
X777686,
X777491,
X777440,
X777194,
X777189,
X777102,
X777093,
X776811,
X776806,
X776751,
X776741,
X776539,
X776535,
X776335,
X776331,
X776155,
X776147,
X775731,
X775724,
X775522,
X775465,
X775060,
X775054,
X775022,
X775006,
X774740,
X774733,
X774686,
X774670,
X773991,
X773974,
X773972,
X773905,
X771422,
X771421,
X771420,
X771416,
X771298,
X771289,
X771194,
X771179,
X771052,
X771041,
X771016,
X771013,
X770726,
X770715,
X770560,
X770548,
X770543,
X770477,
X769969,
X769961,
X769950,
X769373,
X769369,
X769167,
X769147,
X768929,
X768908,
X768466,
X768449,
X768437,
X768251,
X768243,
X768213,
X768207,
X768171,
X768160,
X768102,
X768113,
X768063,
X768052,
X767935,
X767923,
X767863,
X767875,
X767736,
X767733,
X767675,
X767671,
X767630,
X767624,
X767577,
X767569,
X767522,
X767511,
X767462,
X767442,
X767402,
X767384,
X767237,
X767228,
X767181,
X767177,
X767097,
X767089,
X767033,
X767023,
X766869,
X766858,
X766705,
X766693,
X766617,
X766577,
X766568,
X766296,
X766290,
X766258,
X766253,
X766250,
X766249,
X766094,
X765929,
X765928,
X765927,
X765632,
X765604,
X765591,
X765533,
X765520,
X765464,
X765463,
X765082,
X764797,
X764796,
X764754,
X764750,
X764494,
X764493,
X764370,
X764368,
X764307,
X764306,
X763439,
X763438,
X763436,
X763223,
X763165,
X763173,
X763118,
X763119,
X763075,
X763046,
X762923,
X762924,
X762869,
X762868,
X762481,
X762328,
X762256,
X762090,
X762089,
X761447,
X761422,
X761382,
X761352,
X760648,
X760533,
X760476,
X760475,
X760454,
X760442,
X760441,
X760440,
X760272,
X760270,
X760248,
X760120,
X760056,
X760012,
X760011,
X760010,
X760003,
X756510,
X759994,
X759925,
X759715,
X759714,
X759713,
X759441,
X759383,
X759032,
X759031,
X759021,
X759017,
X759012,
X759011,
X758957,
X758638,
X758451,
X758406,
X758405,
X758401,
X360849,
X363897,
,A5287AC
X756804,
X756769,
X756351,
X756348,
X756339,
X756336,
X756324,
X756320,
X756319,
X756317,
X756316,
X756311,
X756306,
X756298,
X756288,
,A5280AC
X756286,
X756275,
X756212,
X756089,
X755938,
X755784,
X755783,
X755759,
X755739,
X755730,
X755729,
X755706,
X755375,
X754881,
X754712,
X753444,
X753245,
X753127,
X752260,
X752223,
X752191,
X752153,
X752081,
X752024,
X751952,
X751837,
X751789,
X751741,
X751702,
X751647,
X751643,
X751637,
X751424,
X751388,
X751290,
X750947,
X750847,
X750707,
X750674,
X750673,
X750468,
X750096,
X750085,
X750063,
X749579,
X749549,
X749536,
X749513,
X749126,
X649324,
X739590,A8610DY
X748345,
X748302,
X747966,
X747847,
X747817,
X747726,
X747625,
X747525,
X747367,
X747231,
X747226,
X747224,
X747196,
X746892,
X746783,
X746782,
X746781,
X746709,
X746624,
X746549,
X746495,
X746459,
X746454,
X746388,
X746155,
X746105,
X746065,
X746025,
X745987,
X745947,
X745887,
X745755,
X745653,
X745651,
X745607,
X745546,
X745479,
X745478,
X745474,
X745445,
X745438,
X745410,
X745351,
X745250,
X745193,
X745160,
X744819,
X744818,
X744698,
X744596,
X744535,
X744534,
X744325,
X744320,
X744237,
X744034,
X743997,
X743870,
X743838,
X743834,
X743780,
X743760,
X743759,
X510288,
X743750,
X743137,
X743719,
X743495,
X743205,
X743163,
X743158,
X743148,
,A5282AC
X741876,
X739590,
X737231,
X738417,
X738215,
X719838,
X704699,
X719866,
X704165,
X704164,
X346386,
X695064,
X698418,
X697320,
X651623,
X668487,
X668486,
X668485,
X662269,
,A5278AC
X649121,
X642396,
X627337,
X589669,
X604418,A5247AC
X604418,
X334497,A5256AC
X589670,
X552020,
X476196,
X476195,
X476194,
X472599,
X472409,
X468659,
X468579,