ZZCLMSJ,
ZBVRYCG,
ZMBXVIG,
ZRXJHNF,
ZQIHEXQ,
ZMOABSH,
ZALPMBO,
ZSNCOTM,
ZFCASJV,
ZJGWYCL,
ZVQXZGM,
ZRRLJBG,
ZIVOCYY,
ZIFKZDH,
ZCGWHGA,
ZBKKMFL,
ZYKEMRI,
,Z1721YN
ZUTRRCA,
ZXGYQNL,
ZHOWQOA,
ZSGIUCF,
ZRSHXSK,
ZSKLQRL,
ZXZGBIU,
ZIELQNG,
ZYDLFCB,
ZSQBEHT,
ZJSHUXB,
ZRUWHSV,
ZOKSTMG,
X601337,
X959104,
D007034,
ZMEPVRV,
ZVUDAFO,
ZBMZIPY,
,Z4978NT
,Z1360CW
ZACXPAN,
ZKOSBCQ,
ZKTWXHW,
ZEXCIXL,
ZJZQKWM,
ZPPKMCK,
ZMWACJZ,
ZVVQKJL,
ZPNZKYH,
ZGUZXTH,
ZXRTLXW,
ZVHKCEN,
ZIDYAFF,
ZFBDJGE,
ZQNTENP,
ZLIQCOW,
ZBUWUJM,
ZLYTFBM,
ZYEEWCI,
ZJPKBHH,
ZDRTBCQ,
ZOIAYAX,
ZLNAYFX,
ZIKBGIW,
ZBJQKOJ,
ZAYFOHD,
ZBIWVNJ,
ZCXKLJS,
ZGOTGBH,
ZMYNPNQ,
ZOQMOYA,
ZSPCBXK,
ZQVJWRI,
ZIYKGIS,
ZPKXVGJ,
ZTIIZQK,
ZVMYBZH,
ZHDDOKM,
ZREOCVL,
ZQPMWSX,
ZWZBYKE,
ZISYOPT,
ZTZKLTS,
ZYJSNUQ,
ZFKQQZQ,
ZFKPFQF,
ZGQSWSW,
ZRALRXW,
ZNTXKDL,
ZSUJJFC,
ZWZSQND,
ZAXGBTJ,
ZLQREBV,
ZVIGZFO,
ZNRCGHE,
ZUYIWGN,
ZVLNMYR,
ZNLBTSB,
ZWKVAVP,
ZCOOBHK,
ZQOQYGC,
ZKWDMCO,
ZNVHSMI,
ZOEKRDJ,
ZSLXSBQ,
ZDOXOVW,
ZHURRYX,
ZULHALY,
ZKRFOAM,
ZXYRVZO,
ZEQZCFL,
ZCGVTDG,
ZOESZWP,
ZLUVZMK,
ZOZEIWP,
ZUKMUWC,
ZLOHJPI,
ZPXSEDD,
,Z0890TE
,Z8771XJ
ZPVKXEO,
,Z7799AH
ZPDPSRW,
ZAVAABA,
X624223,
,Z1122ZZ
D009510,
X789955,
X696588,
,A6230EA
X793993,
X793980,
,A6219EA
X793927,
X793919,
X793884,
X793881,
X793870,
X793869,
X793868,
X793867,
X793866,
X793865,
X793862,
X793857,
X793856,
X793854,
X793817,
X793806,
,A6161EA
,A6141EA
X793683,
X793655,
X793597,
X793555,
,A6102EA
X793540,
X793516,
X793512,
X793510,
X793509,
X793505,
X793504,
X793436,
,A6057EA
X793430,
X793385,
,A6042EA
X793379,
X793367,
X793366,
X793365,
X793358,
X793356,
X793330,
,A6015EA
X793319,
,A6008EA
X792836,
X792823,
X792403,
,A5970EA
X792385,
X791783,
X791798,
,A5943EA
X791731,
X791734,
X791699,
X791683,
,A5911EA
X791462,
X791463,
X791288,
X791287,
,A5887EA
,A5885EA
X791154,
X791140,
,A5864EA
X790895,
X790879,
X790856,
,A5829EA
X790812,
X789940,
,A5809EA
X789888,
X789873,
,A5786EA
,A5781EA
X789861,
,A5774EA
X789847,
X789816,
X789195,
X789178,
,A5738EA
X789100,
,A5719EA
X789092,
,A5704EA
X788752,
X788739,
X788675,
,A5666EA
X788666,
X788624,
,A5644EA
X788612,
X788554,
,A5620EA
X788543,
X788464,
,A5604EA
X788447,
X788446,
,A5589EA
,A5588EA
,A5587EA
,A5586EA
,A5585EA
,A5583EA
,A5582EA
,A5572EA
X788350,
X788337,
,A5558EA
,A5557EA
,A5556EA
X788206,
X788204,
,A5550EA
X788175,
,A5538EA
X788162,
X788139,
X788137,
,A5493EA
X787795,
,A5481EA
X787785,
X787763,
,A5464EA
,A5455EA
X787734,
X787720,
X787675,
,A5432EA
X787667,
X787618,
,A5415EA
X787603,
X787581,
,A5399EA
X787571,
X787540,
,A5379EA
X787532,
X787500,
,A5363EA
X787493,
X787460,
X787449,
,A5345EA
X787415,
,A5329EA
X787399,
X787355,
,A5314EA
X787338,
X787284,
X787301,
,A5297EA
X787250,
,A5281EA
X787236,
X787172,
X787166,
,A5203EA
X787093,
X787077,
X787002,
X786993,
X786934,
X786923,
X786907,
X786906,
X786905,
X786901,
X786900,
,A5103EA
,A5102EA
X786881,
X786871,
,A5091EA
X786858,
X786815,
X786803,
,A5070EA
,A5065EA
X786773,
X786597,
,A5044EA
X786583,
X786552,
,A5032EA
X786042,
X785855,
,A5004EA
X785839,
X785431,
X785374,
,A4984EA
X785361,
X785216,
X784855,
X784856,
,A4958EA
X784828,
X784826,
X784819,
X784817,
X784814,
X784764,
,A4939EA
X784753,
X784687,
X784684,
X784673,
X784671,
X784660,
X784659,
X784658,
X784644,
X784643,
X784642,
X784641,
X784640,
X784639,
X784626,
X784604,
X784602,
X784535,
X784534,
X784517,
X784514,
X784484,
X784483,
X784481,
X784480,
X784478,
X784475,
X784474,
X784473,
X784472,
X784471,
X784470,
X784295,
,A4889EA
X784278,
X784259,
X784255,
X784241,
X784224,
X784216,
X784171,
X784168,
X784155,
X784152,
X784142,
X784140,
X784137,
X784119,
,A4835EA
X783958,
X783943,
X783903,
,A4810EA
X783888,
X783883,
X783879,
X783863,
X783865,
X783856,
X783854,
X783832,
X783837,
X783158,
X783141,
,A4775EA
X783111,
,A4751EA
X783099,
X783062,
X782896,
,A4727EA
X782881,
X782856,
,A4713EA
X782849,
X782816,
,A4694EA
X782799,
X782776,
,A4675EA
X782759,
X782709,
,A4649EA
X782694,
,A4634EA
X782656,
X782647,
,A4623EA
X782602,
X782594,
X782564,
X782556,
,A4593EA
X782528,
,A4578EA
X782512,
X782253,
X782252,
X782247,
X782244,
X782214,
,A4542EA
X782207,
X782170,
X782166,
,A4527EA
X782127,
,A4505EA
X782114,
X782105,
,A4494EA
,A4492EA
,A4481EA
X782074,
X782060,
X782049,
X782046,
X781989,
,A4450EA
X781974,
,A4445EA
X781964,
X781960,
X781957,
X781942,
X781933,
,A4424EA
X781904,
X781903,
X781883,
X781860,
X781838,
X781836,
X781826,
X781825,
X781823,
X781821,
X781791,
,A4385EA
X781788,
X781767,
X781750,
X781733,
X781731,
X781729,
X781728,
X781702,
,A4366EA
X781693,
X781678,
X781676,
X781672,
X781670,
X781645,
,A4348EA
X781638,
X781628,
,A4342EA
X781626,
X781625,
X781613,
X781612,
X781610,
X781609,
X781605,
X781570,
X781563,
,A4309EA
X781442,
,A4308EA
,A4307EA
,A4304EA
X781273,
X781259,
X781252,
X781219,
X781222,
,A4257EA
,A4255EA
,A4253EA
,A4252EA
X780433,
X780427,
X780272,
X780258,
X780114,
X780103,
X780043,
X780017,
X780013,
X779817,
X779694,
X779680,
X779653,
X779585,
X779588,
X779272,
X779268,
X779212,
X779202,
X779133,
X779120,
X778902,
X778880,
X778860,
X778824,
X778562,
X778555,
X778526,
X778516,
X778473,
X778463,
X778434,
X778424,
X778253,
X778244,
X778148,
X778138,
X778094,
X778090,
X778054,
X778043,
X778024,
X778019,
X777992,
X777986,
X777950,
X777944,
X777895,
X777882,
X777692,
X777686,
X777491,
X777440,
X777194,
X777189,
X777102,
X777093,
X776811,
X776806,
X776751,
X776741,
X776539,
X776535,
X776335,
X776331,
X776155,
X776147,
X775731,
X775724,
X775522,
X775465,
X775060,
X775054,
X775022,
X775006,
X774740,
X774733,
X774686,
X774670,
X773991,
X773974,
X773972,
X773905,
X771422,
X771421,
X771420,
X771416,
X771298,
X771289,
X771194,
X771179,
X771052,
X771041,
X771016,
X771013,
X770726,
X770715,
X770560,
X770548,
X770543,
X770477,
X769969,
X769961,
X769950,
X769373,
X769369,
X769167,
X769147,
X768929,
X768908,
X768466,
X768449,
X768437,
X768251,
X768243,
X768213,
X768207,
X768171,
X768160,
X768102,
X768113,
X768063,
X768052,
X767935,
X767923,
X767863,
X767875,
X767736,
X767733,
X767675,
X767671,
X767630,
X767624,
X767577,
X767569,
X767522,
X767511,
X767462,
X767442,
X767402,
X767384,
X767237,
X767228,
X767181,
X767177,
X767097,
X767089,
X767033,
X767023,
X766869,
X766858,
X766705,
X766693,
X766617,
X766577,
X766568,
X766296,
X766290,
X766258,
X766253,
X766250,
X766249,
X766094,
X765929,
X765928,
X765927,
X765632,
X765604,
X765591,
X765533,
X765520,
X765464,
X765463,
X765082,
X764797,
X764796,
X764754,
X764750,
X764494,
X764493,
X764370,
X764368,
X764307,
X764306,
X763439,
X763438,
X763436,
X763223,
X763165,
X763173,
X763118,
X763119,
X763075,
X763046,
X762923,
X762924,
X762869,
X762868,
X762481,
X762328,
X762256,
X762090,
X762089,
X761447,
X761422,
X761382,
X761352,
X760648,
X760533,
X760476,
X760475,
X760454,
X760442,
X760441,
X760440,
X760272,
X760270,
X760248,
X760120,
X760056,
X760012,
X760011,
X760010,
X760003,
X756510,
X759994,
X759925,
X759715,
X759714,
X759713,
X759441,
X759383,
X759032,
X759031,
X759021,
X759017,
X759012,
X759011,
X758957,
X758638,
X758451,
X758406,
X758405,
X758401,
X360849,
X363897,
,A5287AC
X756804,
X756769,
X756351,
X756348,
X756339,
X756336,
X756324,
X756320,
X756319,
X756317,
X756316,
X756311,
X756306,
X756298,
X756288,
,A5280AC
X756286,
X756275,
X756212,
X756089,
X755938,
X755784,
X755783,
X755759,
X755739,
X755730,
X755729,
X755706,
X755375,
X754881,
X754712,
X753444,
X753245,
X753127,
X752260,
X752223,
X752191,
X752153,
X752081,
X752024,
X751952,
X751837,
X751789,
X751741,
X751702,
X751647,
X751643,
X751637,
X751424,
X751388,
X751290,
X750947,
X750847,
X750707,
X750674,
X750673,
X750468,
X750096,
X750085,
X750063,
X749579,
X749549,
X749536,
X749513,
X749126,
X649324,
X739590,
X748345,
X748302,
X747966,
X747847,
X747817,
X747726,
X747625,
X747525,
X747367,
X747231,
X747226,
X747224,
X747196,
X746892,
X746783,
X746782,
X746781,
X746709,
X746624,
X746549,
X746495,
X746459,
X746454,
X746388,
X746155,
X746105,
X746065,
X746025,
X745987,
X745947,
X745887,
X745755,
X745653,
X745651,
X745607,
X745546,
X745479,
X745478,
X745474,
X745445,
X745438,
X745410,
X745351,
X745250,
X745193,
X745160,
X744819,
X744818,
X744698,
X744596,
X744535,
X744534,
X744325,
X744320,
X744237,
X744034,
X743997,
X743870,
X743838,
X743834,
X743780,
X743760,
X743759,
X510288,
X743750,
X743137,
X743719,
X743495,
X743205,
X743163,
X743158,
X743148,
,A5282AC
X741876,
X739590,
X737231,
X738417,
X738215,
X719838,
X704699,
X719866,
X704165,
X704164,
X346386,
X695064,
X698418,
X697320,
X651623,
X668487,
X668486,
X668485,
X662269,
,A5278AC
X649121,
X642396,
X627337,
X589669,
X604418,
X604418,
,A5256AC
X589670,
X552020,
X476196,