D488024,
D497529,A2966CZ
D499530,A9586CV
D499544,A9770DE
D499571,A5118CX
D499584,A1299CV
D499620,A9467DL
D499635,A0892DA
D499637,
D499649,
D499651,A5230ET
D499652,A1751CZ
D499655,A9074DY
D499676,A0699DE
D499685,A8512FF
D499689,A0172CZ
D499728,A1460CY
D499745,A7535FG
D499747,A0675CQ
D499760,A2660DF
D499763,A4964CN
D499784,A0968FF
D499787,A2788FD
D499788,A5883CZ
D499790,A1422DG
D499801,A6808AZ
D499816,A0004CP
D499820,A0471DF
D499826,A8870DC
D499827,A9148DY
D499840,A6049DH
D499918,A2628DF
D499929,A4347EH
D500047,A2828DA
D500058,A8967DA
D500062,A7942EG
D500072,A9317CX
D500078,A4272AF
D500099,A0615DC
D500133,A9517DN
D500152,A6343DE
D500158,A4882DD
D500588,A7246DG
D500603,A1793CZ
D500605,A9301CY
D500630,
D500671,A1269DW
D500675,A9308CP
D501033,A1931EE
D501045,A3020AX
D501049,A2040CZ
D501091,A2125CZ
D501100,A6965CZ
D501121,A6035CJ
D501539,A1630EE
D501544,
D501555,A7525DJ
D501565,A9960FF
D501567,A4152FG
D501576,A6100ED
D501579,A5479DH
D501586,A9653CY
D501604,A1492DQ
D501623,A3183EC
D501636,A6276CF
D501646,A0984CY
D501655,
D502032,A1110DD
D502041,A5757DD
D502043,A3121AV
D502079,
D502080,A0405DK
D502093,A6066DD
D502112,
D502118,A0538CW
D446085,A9038DC
D446103,A4053EH
D446117,A7304CZ
D446528,A6501CY
D447526,
D447582,A8326EM
D447586,A7637DG
D447591,A9619CZ
D447599,A2469CZ
D450527,A3217CP
D450537,A3215CP
D450554,A0062CT
D450562,A0820CW
D450569,A6055DJ
D450582,A6906CZ
D450591,A9136EX
D450592,A5978FE
D451524,A4312DG
D452029,A7627CZ
D453529,
D453549,A7328CZ
D453564,A5911CZ
D453597,A6358DT
D454025,A7149EN
D454031,A6993CZ
D454551,A8201AZ
D454568,A9150FA
D454599,A3249CZ
D454610,
D454623,A3932DF
D454628,A7639EF
D455533,A4202DA
D455560,A9191CW
D456044,A7646EE
D456050,A7247DJ
D459028,A9077DD
D459108,A7540DZ
D459116,A6378DX
D459133,A9888CN
D459153,
D459177,A0172DE
D465025,A1243DK
D465526,A8423FD
D465528,
D466025,A0884CX
D472025,A9650CJ
D476524,A1372CY
D482524,A9755AR
D483024,A8858DG
D486025,A7922EN
D505693,A3527CY
D505698,A2724DE
D505716,A6617DC
D505741,
D505742,A4324DP
D505744,A5604DH
D505756,A2682DD
D505759,A8970AL
D505790,A5973DZ
D505811,A2299CX
D505820,A4283CR
D505846,A4300DA
D505869,A4438CF
D505873,
D505874,A4369EC
D505907,A0356CY
D505915,
D505916,A4289EF
D505929,A7093EH
D505954,
D505972,A9079CX
D505984,A3787DG
D506027,A2149DP
D506028,A5865AE
D506039,A8133ET
D506079,A5275DE
D506081,A6731EZ
D506089,A2000DX
D506091,A0526DZ
D506100,A4603CM
D506122,A3134DA
D506125,
D506533,A8386EH
D506536,A1292EE
D506550,A8144CZ
D506552,A4139CZ
D506580,A5115CT
D506599,A4344DE
D506600,A3423CZ
D506610,A4776CZ
D506615,A6267EJ
D506651,A0094CC
D507030,A6117DG
D507031,A1947DA
D507057,A1218DG
D507060,A7614FG
D507062,A1505FF
D507091,A4747CW
D507113,A4229CZ
D507127,A0962EQ
D507134,A2268DH
D507140,A6651CQ
D507149,A0396CN
D507152,
D507175,A1371DA
D507531,A4347EX
D507566,A3376DC
D507568,
D507585,A5334CF
D507588,A9872FD
D507595,A3987EF
D507606,
D507608,A5449EE
D507613,
D507615,A1382DK
D508025,A8790DX
D508049,A1763FC
D508067,A5475CQ
D508073,
D508112,
D508117,A5193CZ
D508119,
D508123,A6087FG
D508130,A8714FF
D508155,A8709DF
D509524,A1146DE
D511094,A9792DE
D511108,A6961DA
D511238,A5216CZ
D511253,A1968EK
D511280,A7311AT
D511281,A4681DH
D511285,
D511288,A4449EC
D511326,A0041CY
D511327,A5716CY
D511339,
D511341,A7003CA
D511343,A8961DA
D511352,A5532CZ
D511371,A9788EM
D511374,A1852DC
D511375,A8522DZ
D511386,A2553AY
D511393,A5200CZ
D511410,
D511420,
D511429,A7988DF
D511438,A2435CV
D502125,A5528FF
D502147,A5316DN
D503059,A6658EE
D503066,A8685DV
D503100,A2348CY
D503111,A8242DF
D503122,A8443CZ
D503128,A3927CE
D503156,A6124DR
D503159,A1584CX
D503209,A1895DJ
D503215,A0343CZ
D503216,A1990DN
D503222,
D503226,A7882CV
D503227,A1343CX
D503277,A6977DD
D503526,A5680DD
D503532,A9156CY
D503539,A0217DG
D503552,A9493CV
D503560,A1693FA
D503569,A6363DJ
D503590,A2218DC
D503607,A0856FD
D503617,A0312DV
D503638,A2304DK
D503644,A5656EW
D503650,A5804DK
D503661,A8099AZ
D503673,A5573CY
D503682,A9882DG
D503694,A6264DL
D503700,A8676CR
D503704,A0836AE
D503709,A9955DC
D503752,A5369CX
D503760,A8621DA
D503785,A2748EL
D503791,A7328FD
D503803,A2055DG
D503827,A4533CX
D503830,A7440CX
D503840,A8147CW
D503850,A7117CM
D503870,A6655ET
D503876,
D503892,A1820CZ
D504529,A2417DF
D504561,A0274DD
D504564,A0449DC
D504574,A8561DK
D504581,A8563DA
D504625,A1659EG
D504633,A8125DE
D504658,A3485CZ
D504659,A8157CR
D504663,
D504716,A9220CZ
D504754,A3622DA
D504789,A7427DD
D504795,A6692DC
D504879,
D504891,A3350ED
D504921,A7764DH
D504922,A0544CG
D504931,A3380CY
D505078,A2680DA
D505084,
D505094,A0333FD
D505155,A7198CZ
D505156,A9029EY
D505189,A5737DA
D505209,A2912CZ
D505215,
D505223,A0362DP
D505248,A5054DC
D505275,A3613CZ
D505280,A4248ET
D505287,A3330EF
D505296,A2721DN
D505300,A6964DA
D505305,A1250EN
D505314,A3385CZ
D505322,A5812EP
D505527,
D505559,A8312CY
D505589,A7137CZ
D505597,A0772DA
D505602,A3118DD
D505624,A3922CZ
D505625,A0217DQ
D505636,A1689DP
D505646,A5296EJ
D505672,A0579DF
D505677,A4181AP
D505682,A4413EZ
D505690,A1482DG
D517184,A2852AG
D517198,A3618DA
D517221,A6650DW
D517259,A0800EZ
D517267,A9911CZ
D517276,
D517285,A1597DA
D517335,
D517338,A2719CY
D517351,A2877DN
D517354,A8058AH
D517359,A9763CY
D517392,A7904DA
D517424,
D517466,
D517469,A3608DV
D517479,A8588AX
D517484,A0871AV
D517505,A4476FE
D517531,A1784DV
D517582,A8842DF
D517617,A4715FA
D517625,A2043DA
D517629,A1032DT
D517654,A9068AX
D517671,
D517680,A2337CZ
D517701,A5203CW
D517711,A7170EZ
D517721,A4147DC
D517732,A1268ET
D517737,A5122FG
D517748,A1181CZ
D517767,A1122CZ
D517773,A7883DA
D517775,A0963DY
D517808,A1410ED
D517837,A6281EH
D517844,A1946DA
D517850,A7658CQ
D517860,A2156DN
D517876,A4799DA
D517911,
D517930,A1366EC
D517947,A1582AN
D517951,A3705DK
D517959,A1601CX
D517962,A6691CZ
D518038,A9477CZ
D518051,A1153FG
D518054,
D518078,A2326DR
D518118,A3006DA
D518129,A4619CC
D518138,
D518147,A6042ED
D518163,A0993EZ
D518164,A9301AQ
D518175,
D518177,A2648CV
D518185,
D518215,A2021FA
D518224,A7545CZ
D518225,A0465DA
D518229,
D518232,A4120FE
D518244,A9945FD
D518248,A3398DA
D518278,A3238DR
D518285,A4778DR
D518290,A4747CG
D518405,A2436FD
D518442,
D518467,
D518512,A8226DM
D511530,A7706DC
D511545,A4796CZ
D511546,A5011DG
D511559,A4836CZ
D511576,A4839CZ
D511602,A7890DA
D511613,A2320DY
D513058,
D513071,
D513120,A5109DG
D513528,A6754DZ
D513538,A8939FF
D514060,A4241DW
D514068,
D514099,A1207AK
D514148,A3505DC
D514152,A1850DR
D514153,A5361CN
D514156,A0870DC
D514174,
D515043,A5548CW
D515052,A4150CZ
D515060,A7603CV
D515122,A4855DC
D515568,A9907CZ
D515609,A9140CZ
D515651,A0424EQ
D515663,A2829DT
D515692,A7758DM
D515707,A5798EK
D515720,A3375EL
D515723,A7314DD
D515727,A0202EW
D515740,A4298EP
D515768,A4030DD
D515787,A8747DD
D515804,
D515816,A3664CZ
D515840,A9375DQ
D515856,A8362DF
D515884,A7884DN
D515895,A9305CQ
D515905,A0185CY
D516040,A7926DP
D516084,A6750CA
D516090,A5489CZ
D516119,A9821CL
D516139,A7064EX
D516144,A9601CP
D516153,A9096CL
D516163,A1902EL
D516166,A2875CW
D516172,A3041AR
D516206,
D516253,A1519CK
D516260,
D516261,A5842CW
D516286,A5375AX
D516532,A6802EV
D516581,A6080CZ
D516585,A9223DM
D516598,A6155CZ
D516601,A2715CA
D516603,A6177CZ
D516605,
D516617,
D516618,A8274EA
D516623,A8411DH
D516655,A7698DK
D516656,A7639DX
D516662,A2568DD
D516682,
D516700,A5587CZ
D516729,A3681CR
D516771,A2327DP
D516781,A5521EA
D516790,A6716DJ
D516801,A4410ET
D516820,
D516825,A4834DH
D516827,A4474DK
D516844,
D516847,A5012DH
D516862,A0265CE
D516864,A6344CZ
D516912,
D516922,
D516943,
D516967,A2082DK
D517003,
D517030,A4119DC
D517053,A0287CG
D517067,A5673CX
D517092,A0381EF
D517096,A4212DQ
D517112,A6184CZ
D517113,A0350DE
D517117,A9387DJ
D517124,A3003EW
D517181,
D520061,
D520079,A1141AW
D520121,A0944DA
D520135,A0720FF
D520155,A1549DF
D520164,A6902EL
D520180,A2456DC
D520208,A8335CV
D520228,A0204CY
D520254,
D520284,A4035CN
D520319,A3268EZ
D520356,A0328CZ
D520382,A0459FE
D520392,A9613DH
D520417,A9437EV
D520478,
D520508,
D520509,A7729CV
D520567,A0543CG
D520575,A2807CY
D520580,A2633DA
D520584,A7255AG
D520605,A9117DK
D520610,A7783EH
D520619,A8292CX
D520620,A6856CL
D520639,A9357DD
D520644,A2303EK
D520662,A7941EX
D520668,
D520685,A0438DA
D520686,A9520DQ
D520717,A8208DT
D520720,A6962CV
D520736,A9771DC
D520753,
D520756,A0187DF
D520758,
D520766,A9211CZ
D520800,A8978CZ
D520809,A1202DA
D520825,A6262DD
D520832,A6774CT
D520835,A3374DZ
D520844,A2481CX
D520878,
D520886,A8586DC
D520898,A6628DL
D520903,A8540DE
D520934,A1761DJ
D520962,A7916CZ
D521012,A3440DA
D521024,A3237DR
D521034,A2591CG
D521056,A4190DK
D521088,A0954DF
D521110,A4579DC
D521128,A1628CY
D521144,A8689DD
D521211,A9388DH
D521212,A7875CY
D521263,A4783DK
D521267,
D521273,A0855CT
D521274,A0287CZ
D521279,A2411AT
D521306,A8312FG
D521314,A3738DC
D521335,A4756DP
D521357,A5255CZ
D521365,A0710CE
D521367,A1469DC
D521379,A9314CZ
D521385,A9411CZ
D521388,A9621FA
D521494,A4078DA
D521501,A8130FE
D521510,A8167EW
D521538,A9878DH
D521541,A2791FC
D521548,A5184EC
D521555,A3809CW
D521600,A5305CQ
D521603,A9814DM
D521614,A9378CZ
D521626,A8413DF
D521658,A0082DD
D521665,A0567DX
D521687,
D521688,A8882AW
D521698,A9386CZ
D521708,A6009CT
D521723,A2995CM
D521748,A6529FH
D521761,A1581DK
D521789,A6735DF
D521800,A9577CZ
D521807,A0055DA
D521818,A5886CZ
D521827,A6255CY
D518529,A4044DF
D518538,A9396DD
D518542,A1151EM
D518553,A3192AQ
D518566,A9803FD
D518587,A8372DL
D518604,A2650FC
D518618,A4422DD
D518647,A9324DE
D518656,A1448DP
D518664,A6668DA
D518677,A8814AR
D518683,A7591CZ
D518731,A4840AR
D518738,A2207DD
D518740,A2675FC
D518748,A9344DK
D518751,A1780AK
D518765,A7230CV
D518773,
D518777,A4952CM
D518789,A0192EQ
D518796,A1122DC
D518820,A6225FE
D518824,A1600DA
D518827,A6117CZ
D518859,A0792CF
D518870,A6494DC
D518881,A7064CZ
D518900,A5518FG
D518907,A1482FG
D518933,A3312EX
D518977,A3606EM
D519013,A2401DF
D519029,A5272EZ
D519047,A4885DG
D519051,A1789CY
D519056,A4673ET
D519072,A1844AD
D519095,A5240CV
D519099,A5967CZ
D519114,
D519120,A5976CZ
D519123,
D519138,A3083DA
D519145,A5689DY
D519149,A7637CY
D519153,A7293EL
D519154,A6443CZ
D519169,A9366DN
D519179,A3462EL
D519188,
D519200,A7582CZ
D519215,A6479CW
D519229,
D519307,A9469CL
D519348,A4761CP
D519363,A1181DQ
D519371,A5210CY
D519437,
D519438,
D519445,A0693DC
D519483,A8015CX
D519495,A8854DF
D519497,A5961DP
D519519,
D519586,
D519601,A9623FD
D519606,A7625DP
D519675,A6924DZ
D519677,A0413DE
D519693,A6454EZ
D519710,A6203EN
D519711,
D519719,A7849DR
D519730,
D519732,A6085FC
D519736,A0313CA
D519746,A2903DJ
D519749,A1054CF
D519778,A5515DK
D519801,A4146EG
D519803,A3562DD
D519806,A5055DF
D519899,A0883ET
D519901,A7532FF
D519908,A5385CY
D519915,A4452AR
D519948,A1305EY
D519956,A6076DF
D519968,A1897DD
D519986,
D520010,A8916DA
D520013,A9728FE
D520022,A5290EC
D520046,A9168CY
D520049,
D520051,A1106FF
D520052,A2586DE
D520054,A8581DF
D523432,A4748DJ
D523447,A3485CT
D523456,A6749FF
D523470,A1545EF
D523475,A4224CM
D523485,A5120CX
D523537,A0777CQ
D523539,A8356EY
D523571,A4609EV
D523604,
D523619,A4785CA
D523638,A7094DF
D523645,A5615DD
D523648,A4891FH
D523664,A9550CD
D523677,A3112EM
D524066,A5291FA
D524106,A3536CT
D524113,A0653DA
D524115,A4949CW
D524541,A7598DA
D524555,
D524557,A0378FE
D524570,A7027CY
D524573,A6207DK
D524574,A7517DZ
D524580,A9801CG
D524596,A0208AT
D524681,A9096EL
D524688,A5866DA
D524705,A4830DA
D524712,A4904DH
D524719,A0846DA
D524737,A0642CQ
D524739,A6873DC
D524753,A4950DH
D524754,A1253DA
D524767,A0531CP
D524774,A2725DM
D524797,A1270DF
D524830,A8556CZ
D524859,A7721FF
D524864,A8064EK
D524905,A1156DA
D524929,A2153CT
D524934,A5687EZ
D525038,A7653EW
D525041,A5692CY
D525057,A2021CW
D525086,A4319EW
D525093,
D525113,A8231CZ
D525155,A5009DA
D525240,A0117DG
D525275,A1627CN
D525298,A1305DA
D525341,A4933DH
D525355,A5845CH
D525372,
D525399,A8429DT
D525403,A6686DD
D525460,A8886DQ
D525462,A1656DE
D525463,
D525467,A7306EA
D525480,A3229CY
D525481,A8845DF
D525488,A0297EA
D525504,A2887CQ
D525526,
D525571,A0137CQ
D525572,
D525594,
D525600,A1351DJ
D525606,A2867DJ
D525622,A2177DC
D521866,A6409AW
D521872,A8987CZ
D521904,A3059DC
D521905,A3647DA
D521913,A5611CY
D521915,A2016CX
D521919,A0435FJ
D521925,A0416AZ
D521950,A9989CZ
D521956,A8384DE
D521979,A7458CR
D522012,
D522013,A8811CL
D522019,A7572FG
D522024,A8380DA
D522053,A8645DH
D522078,A9630DY
D522111,A9160DD
D522116,A9288CD
D522151,A0695CM
D522173,A9625CZ
D522192,
D522197,A9193CQ
D522216,A6401EH
D522229,A2611FG
D522247,
D522273,A5315DK
D522303,A4896DY
D522307,A6136CY
D522317,
D522323,A2271FG
D522324,A2535CN
D522333,A4436FC
D522360,A5739CZ
D522376,A2303DE
D522396,A8986AM
D522397,
D522422,A4977CR
D522432,A2658DH
D522443,A1513CY
D522454,A4870DF
D522478,A7150DA
D522504,A4680DC
D522533,A0021DA
D522584,A6454DA
D522589,A0915DA
D522590,A4716DM
D522605,A2244CN
D522607,
D522608,A8654DK
D522618,A3239DD
D522621,A6654CZ
D522643,A7019EP
D522650,A1550DE
D522685,A4527DA
D522692,
D522702,
D522724,A3094EK
D522739,A2975DJ
D522764,A2720EG
D522766,A0375DA
D522770,A0371DA
D522776,A8091EQ
D522790,A0038DA
D522807,A8529CW
D522861,
D522878,A5567CZ
D522905,A0360DA
D522932,A6683DD
D522949,A2371DC
D522978,A8870CK
D522984,A9954EC
D522985,A6966EX
D523013,A1822EG
D523029,
D523075,A2668EH
D523078,A4031DA
D523098,
D523101,A2118DF
D523113,
D523130,A3167DA
D523131,A9931CZ
D523133,A3383DA
D523152,A9471ET
D523192,A1102AD
D523230,A0666CQ
D523249,A4566AD
D523254,A9475CV
D523263,
D523264,
D523267,A1146EE
D523270,A0100DF
D523285,A9933CZ
D523309,A7591AA
D523324,
D523378,A6344EE
D523385,A2382AW
D523415,A2213CY
D523417,A2137CZ
D523423,A3328DC
D529656,A8862DK
D529667,A1592DT
D529692,
D529702,A3107DG
D530044,A1984DA
D531056,A3764FC
D531062,A4689DM
D531064,A8111DL
D531086,A7331DA
D531107,
D525634,A7854CT
D525635,A8833CP
D525636,A4809CW
D525657,A0603DC
D525712,A1438DA
D525725,
D525788,
D525823,A6516CJ
D525877,A8112DM
D525879,A3015DL
D526039,A1238CH
D526042,A7403CY
D526047,
D526052,A2387DM
D526062,A4027FG
D526118,A8052EN
D526142,A7759DK
D526145,A8071EP
D526230,A2122DR
D526243,A8159FF
D526281,A6912CT
D526287,A3734DC
D526288,A5810DD
D526297,A3457CT
D526313,A3423FE
D526342,A7078ER
D526350,A6887DA
D526354,A0195DD
D526361,A9493CZ
D526373,
D526406,
D526430,A4436DV
D526435,A9108CM
D526460,A6611DA
D526463,A5674CY
D526470,A8908EY
D526483,A2737DF
D526521,A3053DK
D526546,A3076EY
D526567,A6506ET
D526604,A8836FE
D526606,
D526614,A1812DA
D526633,A7049DR
D526652,A2578DC
D526663,A3539FC
D526664,A7890CX
D526672,A7751AZ
D526681,A7388DA
D527048,A8725CY
D527050,A2049DD
D527074,A6270FE
D527090,A9631DJ
D527103,A4056CY
D527105,A0295DM
D527114,A3482CX
D527119,A6674EF
D527130,A2116DJ
D527543,A6401FE
D527590,A7481AQ
D527601,A8187AL
D527651,A2384DA
D527654,A2385DA
D527662,A6672CA
D527669,A7619DD
D527675,A1076DC
D527681,
D527685,A9473DA
D527686,
D527704,A3180EF
D527713,A2251DA
D527758,A2246DA
D527768,A1181CW
D527769,A5772EG
D527830,A0289EE
D527844,A9983FA
D527850,
D527851,A0724DC
D527877,A9118DK
D527930,A9559CY
D527971,A9905CZ
D527975,A6533EY
D527976,A2859DA
D527982,A4155DT
D527984,A4082DJ
D528014,A4357CY
D528028,A8243DC
D528047,A1201DE
D528077,
D528078,A0893DA
D529538,A6843DM
D529549,A1434EG
D529551,A1224FE
D529562,A9706CW
D529575,A2059DF
D529594,A8167FC
D529602,A1925FD
D529622,A9584DH
D529649,A0390DR
D529652,